,City,Lat,Lng,maxTemp,humidity,clouds,windspeed,country,date
0,tunceli,39.1083,39.5471,74.48,30,0,7.05,TR,1658596748
1,cape town,-33.9258,18.4232,55.76,60,11,12.73,ZA,1658596553
2,castro,-24.7911,-50.0119,73.96,39,100,4.99,BR,1658596748
3,longyearbyen,78.2186,15.6401,45.84,85,100,4.94,SJ,1658596748
4,yellowknife,62.456,-114.3525,61.72,51,77,16.6,CA,1658596749
5,mar del plata,-38.0023,-57.5575,60.1,53,100,4.61,AR,1658596666
6,vaini,-21.2,-175.2,69.96,88,40,11.5,TO,1658596749
7,maldonado,-34.6667,-54.9167,65.64,81,74,10.96,UY,1658596749
8,jiexiu,37.0244,111.9125,71.96,51,0,5.08,CN,1658596750
9,bud,39.447,-86.1758,83.19,52,22,10.33,US,1658596750
10,rikitea,-23.1203,-134.9692,71.74,72,16,7.87,PF,1658596751
11,severo-kurilsk,50.6789,156.125,53.02,91,99,4.9,RU,1658596751
12,souillac,-20.5167,57.5167,70.2,77,69,18.3,MU,1658596751
13,tasiilaq,65.6145,-37.6368,42.96,75,100,1.86,GL,1658596751
14,knysna,-34.0363,23.0471,53.73,79,51,11.48,ZA,1658596752
15,chicama,-7.8447,-79.1469,71.15,64,48,9.78,PE,1658596752
16,punta arenas,-53.15,-70.9167,39.22,67,0,11.5,CL,1658596752
17,moldovenesti,46.5,23.65,90.99,29,20,3.44,RO,1658596753
18,hobart,-42.8794,147.3294,48.38,90,86,5.17,AU,1658596753
19,la romana,18.4273,-68.9728,88.21,53,81,16.75,DO,1658596753
20,saint george,37.1041,-113.5841,98.64,20,0,4.0,US,1658596754
21,narayanpet,16.7333,77.5,75.02,86,100,10.67,IN,1658596754
22,abu samrah,35.3029,37.1841,89.28,24,0,13.35,SY,1658596755
23,coquimbo,-29.9533,-71.3436,55.13,82,100,1.14,CL,1658596755
24,coahuayana,18.7333,-103.6833,86.83,68,100,2.33,MX,1658596755
25,kapaa,22.0752,-159.319,77.32,79,20,16.11,US,1658596756
26,lebu,-37.6167,-73.65,53.67,91,100,5.86,CL,1658596756
27,ilulissat,69.2167,-51.1,44.62,100,75,2.3,GL,1658596756
28,avarua,-21.2078,-159.775,72.97,75,98,22.5,CK,1658596757
29,ushuaia,-54.8,-68.3,35.26,69,75,6.91,AR,1658596757
30,chokurdakh,70.6333,147.9167,43.27,69,42,8.1,RU,1658596757
31,jamestown,42.097,-79.2353,86.95,55,0,11.99,US,1658596615
32,egvekinot,66.3167,-179.1667,35.76,82,98,6.31,RU,1658596758
33,vostok,46.4856,135.8833,57.61,95,82,1.59,RU,1658596758
34,kovrov,56.3572,41.3192,70.59,68,49,3.38,RU,1658596758
35,new norfolk,-42.7826,147.0587,47.91,85,91,1.9,AU,1658596759
36,kadan,50.3833,13.2667,75.6,65,64,7.0,CZ,1658596759
37,san cristobal,7.7669,-72.225,78.98,37,82,9.24,VE,1658596569
38,nhulunbuy,-12.2333,136.7667,66.81,88,29,1.14,AU,1658596759
39,penapolis,-21.4197,-50.0775,86.02,23,43,4.68,BR,1658596760
40,selma,36.5708,-119.6121,89.19,34,0,9.22,US,1658596259
41,sao filipe,14.8961,-24.4956,77.02,85,71,6.24,CV,1658596760
42,barrow,71.2906,-156.7887,35.62,93,100,11.5,US,1658596761
43,east london,-33.0153,27.9116,56.34,88,0,12.66,ZA,1658596707
44,tuktoyaktuk,69.4541,-133.0374,41.25,96,100,13.89,CA,1658596761
45,puerto ayora,-0.7393,-90.3518,76.96,86,100,5.01,EC,1658596761
46,rivadavia,-33.1905,-68.4608,67.39,21,1,1.48,AR,1658596762
47,port alfred,-33.5906,26.891,55.18,82,94,5.99,ZA,1658596762
48,esperance,-33.8667,121.9,55.26,84,100,14.54,AU,1658596762
49,faya,18.3851,42.4509,66.72,57,96,8.7,SA,1658596763
50,ryotsu,38.0833,138.4333,71.33,88,85,1.61,JP,1658596763
51,cherskiy,68.75,161.3,46.08,69,11,2.84,RU,1658596763
52,mataura,-46.1927,168.8643,32.49,88,82,3.15,NZ,1658596764
53,balkanabat,39.5108,54.3671,89.96,32,0,14.52,TM,1658596764
54,olga,43.7444,135.2892,60.21,94,97,3.78,RU,1658596764
55,tuatapere,-46.1333,167.6833,40.1,92,95,1.61,NZ,1658596765
56,ulladulla,-35.35,150.4667,50.13,90,54,3.76,AU,1658596765
57,arraial do cabo,-22.9661,-42.0278,84.16,65,0,12.66,BR,1658596765
58,karimnagar,18.4333,79.15,74.1,92,100,6.35,IN,1658596766
59,hamilton,39.1834,-84.5333,94.82,40,29,7.34,US,1658596479
60,leningradskiy,69.3833,178.4167,33.96,92,100,10.42,RU,1658596766
61,hermiston,45.8404,-119.2895,82.24,43,0,10.36,US,1658596767
62,tessalit,20.1986,1.0114,105.73,9,66,6.06,ML,1658596767
63,hermanus,-34.4187,19.2345,50.81,67,39,7.25,ZA,1658596767
64,yulara,-25.2406,130.9889,60.21,37,0,6.69,AU,1658596768
65,iskateley,67.6803,53.1512,52.16,79,100,17.2,RU,1658596768
66,saint-philippe,-21.3585,55.7679,69.39,85,55,13.65,RE,1658596768
67,albany,42.6001,-73.9662,94.62,37,0,1.01,US,1658596700
68,matay,28.419,30.7792,94.82,17,1,9.66,EG,1658596769
69,carnarvon,-24.8667,113.6333,62.67,94,75,16.11,AU,1658596769
70,mabaruma,8.2,-59.7833,85.66,63,20,6.93,GY,1658596769
71,kumluca,36.3703,30.2869,86.4,41,0,7.14,TR,1658596770
72,humaita,-7.5061,-63.0208,98.08,26,6,4.47,BR,1658596770
73,pevek,69.7008,170.3133,35.26,85,97,2.33,RU,1658596770
74,curuguaty,-24.4694,-55.6945,88.99,27,54,7.36,PY,1658596771
75,faanui,-16.4833,-151.75,78.8,73,4,12.75,PF,1658596771
76,butaritari,3.0707,172.7902,81.61,79,21,14.05,KI,1658596772
77,bluff,-46.6,168.3333,32.81,76,64,6.62,NZ,1658596772
78,nikolskoye,59.7035,30.7861,73.8,87,97,5.06,RU,1658596772
79,lavrentiya,65.5833,-171.0,44.02,82,97,14.03,RU,1658596772
80,codrington,-38.2667,141.9667,47.14,96,24,7.25,AU,1658596773
81,chuy,-33.6971,-53.4616,63.25,90,98,4.97,UY,1658596773
82,georgetown,5.4112,100.3354,82.33,91,40,3.44,MY,1658596267
83,beaverlodge,55.2166,-119.4361,70.95,42,12,8.28,CA,1658596774
84,luderitz,-26.6481,15.1594,64.29,57,0,27.54,NA,1658596774
85,lorengau,-2.0226,147.2712,81.5,80,9,7.23,PG,1658596774
86,bredasdorp,-34.5322,20.0403,52.88,67,73,5.75,ZA,1658596774
87,hithadhoo,-0.6,73.0833,81.25,77,100,7.78,MV,1658596775
88,isangel,-19.55,169.2667,76.37,88,100,9.01,VU,1658596775
89,tazovskiy,67.4667,78.7,59.4,86,94,10.83,RU,1658596775
90,bambous virieux,-20.3428,57.7575,71.22,83,40,14.97,MU,1658596776
91,mahates,10.2329,-75.1899,87.69,77,70,7.63,CO,1658596776
92,provideniya,64.3833,-173.3,44.6,82,98,6.93,RU,1658596777
93,maarianhamina,60.0973,19.9348,62.46,72,75,11.5,AX,1658596777
94,thompson,55.7435,-97.8558,57.36,82,75,10.36,CA,1658596777
95,taraz,42.9,71.3667,82.94,23,0,5.95,KZ,1658596778
96,saskylakh,71.9167,114.0833,51.33,89,100,1.52,RU,1658596778
97,dong hoi,17.4833,106.6,79.43,88,1,6.29,VN,1658596644
98,vinh,18.6667,105.6667,79.12,90,0,5.57,VN,1658596559
99,malanje,-9.5402,16.341,81.03,23,67,4.43,AO,1658596778
100,grindavik,63.8424,-22.4338,54.07,87,75,13.8,IS,1658596638
101,kruisfontein,-34.0033,24.7314,51.89,78,79,16.87,ZA,1658596779
102,ransang,8.9603,117.5828,79.34,86,26,2.86,PH,1658596779
103,la ronge,55.1001,-105.2842,61.05,67,75,8.05,CA,1658596546
104,viramgam,23.1225,72.0484,80.73,87,100,11.21,IN,1658596780
105,vestmannaeyjar,63.4427,-20.2734,56.39,88,75,10.36,IS,1658596780
106,jackson,42.4165,-122.8345,74.75,48,0,1.99,US,1658596780
107,qaanaaq,77.484,-69.3632,36.82,98,100,1.23,GL,1658596781
108,safaga,26.7292,33.9365,92.71,29,9,15.48,EG,1658596781
109,upernavik,72.7868,-56.1549,43.61,94,100,7.02,GL,1658596781
110,kailua,21.4022,-157.7394,76.51,74,8,15.75,US,1658596781
111,paranaiba,-19.6772,-51.1908,89.13,22,33,5.61,BR,1658596782
112,mbanza-ngungu,-5.25,14.8667,80.82,45,56,6.06,CD,1658596782
113,busselton,-33.65,115.3333,50.95,69,97,15.77,AU,1658596782
114,naryan-mar,67.6713,53.087,52.29,79,100,17.36,RU,1658596783
115,espergaerde,56.0,12.5667,64.65,95,100,4.0,DK,1658596783
116,labrea,-7.2586,-64.7981,97.07,32,58,3.31,BR,1658596783
117,sinnamary,5.3833,-52.95,83.37,73,50,8.63,GF,1658596784
118,jalu,29.0331,21.5482,94.84,18,0,8.88,LY,1658596784
119,nieves,15.3274,120.9485,83.71,85,98,2.44,PH,1658596784
120,salalah,17.0151,54.0924,77.09,94,75,8.05,OM,1658596619
121,congonhas,-20.4997,-43.8578,81.57,27,4,3.13,BR,1658596785
122,khatanga,71.9667,102.5,47.03,96,85,11.95,RU,1658596785
123,ribeira grande,38.5167,-28.7,74.89,81,35,5.14,PT,1658596785
124,coron,11.9986,120.2043,79.79,86,93,3.6,PH,1658596786
125,tobol,52.6844,62.5794,68.67,54,5,4.76,KZ,1658596786
126,maceio,-9.6658,-35.7353,81.84,69,75,11.5,BR,1658596786
127,pitimbu,-7.4706,-34.8086,82.99,76,80,17.07,BR,1658596787
128,cabo san lucas,22.8909,-109.9124,81.7,83,100,4.61,MX,1658596787
129,wladyslawowo,54.7909,18.4009,69.35,68,99,15.37,PL,1658596787
130,surovikino,48.6078,42.8486,66.2,74,97,5.17,RU,1658596788
131,norman wells,65.282,-126.8329,62.64,67,75,6.91,CA,1658596788
132,hilo,19.7297,-155.09,76.28,95,100,4.61,US,1658596788
133,samarai,-10.6167,150.6667,79.32,84,58,13.18,PG,1658596789
134,portland,45.5234,-122.6762,65.23,56,9,4.18,US,1658596623
135,san patricio,28.017,-97.5169,95.16,43,96,13.98,US,1658596789
136,vagur,61.4732,-6.8119,50.7,86,96,19.51,FO,1658596790
137,cabra,37.4725,-4.4421,103.78,9,0,11.48,ES,1658596790
138,jagdalpur,19.0667,82.0333,71.8,96,99,6.4,IN,1658596790
139,palmer,42.1584,-72.3287,92.77,43,40,4.61,US,1658596791
140,torbay,47.6666,-52.7314,79.88,78,100,10.36,CA,1658596791
141,esna,25.2934,32.554,97.68,10,28,13.6,EG,1658596791
142,baijiantan,45.6333,85.1833,86.61,23,34,13.18,CN,1658596791
143,noumea,-22.2763,166.4572,75.0,99,40,4.72,NC,1658596792
144,tiksi,71.6872,128.8694,44.73,92,84,4.74,RU,1658596792
145,narsaq,60.9167,-46.05,52.16,69,40,7.25,GL,1658596792
146,terrace,54.5163,-128.6035,62.51,72,75,2.3,CA,1658596793
147,priargunsk,50.3691,119.1012,62.4,94,98,4.25,RU,1658596793
148,te anau,-45.4167,167.7167,38.82,94,99,0.6,NZ,1658596793
149,bonthe,7.5264,-12.505,79.92,73,91,10.8,SL,1658596794
150,mahibadhoo,3.7833,72.9667,83.08,75,75,14.29,MV,1658596794
151,padang,-0.9492,100.3543,77.65,88,97,4.76,ID,1658596794
152,port elizabeth,-33.918,25.5701,54.32,91,0,19.57,ZA,1658596795
153,bereda,43.2686,-7.5406,77.41,71,4,6.64,ES,1658596795
154,oktyabrskiy,54.4815,53.471,66.45,79,90,3.53,RU,1658596795
155,atuona,-9.8,-139.0333,77.18,79,32,18.14,PF,1658596796
156,kodiak,57.79,-152.4072,49.51,81,75,3.44,US,1658596796
157,katsuura,35.1333,140.3,78.08,84,100,16.31,JP,1658596796
158,ormara,25.2088,64.6357,83.19,82,68,6.64,PK,1658596797
159,victoria,22.2855,114.1577,89.19,82,2,11.01,HK,1658596710
160,mateus leme,-19.9864,-44.4278,82.13,28,5,4.0,BR,1658596797
161,ahipara,-35.1667,173.1667,56.01,82,100,14.85,NZ,1658596797
162,hualmay,-11.0964,-77.6139,64.78,74,83,6.44,PE,1658596798
163,lac du bonnet,50.2536,-96.0612,70.41,70,88,10.07,CA,1658596798
164,fuerte olimpo,-21.0415,-57.8738,95.11,20,98,10.22,PY,1658596798
165,uren,57.4552,45.7852,71.8,70,94,3.38,RU,1658596799
166,mount gambier,-37.8333,140.7667,49.91,100,100,10.36,AU,1658596799
167,bayonet point,28.3267,-82.6834,94.17,63,6,1.99,US,1658596799
168,russell,32.3502,-85.1999,91.96,70,40,0.0,US,1658596710
169,mancio lima,-7.6142,-72.8958,87.87,62,40,4.61,BR,1658596800
170,mugur-aksy,50.35,90.5,47.03,74,18,0.51,RU,1658596800
171,saldanha,-33.0117,17.9442,51.85,65,1,18.61,ZA,1658596800
172,dikson,73.5069,80.5464,54.97,71,99,13.27,RU,1658596801
173,nova olimpia,-14.7972,-57.2881,97.57,18,10,4.12,BR,1658596801
174,ambon,-3.6954,128.1814,75.24,17,40,4.61,ID,1658596802
175,biak,-0.9131,122.8766,74.86,84,71,4.76,ID,1658596802
176,gigmoto,13.7796,124.39,80.67,85,51,3.47,PH,1658596802
177,katobu,-4.9408,122.5276,72.0,88,33,5.66,ID,1658596803
178,harper,4.375,-7.7169,77.54,68,96,8.25,LR,1658596803
179,port lincoln,-34.7333,135.8667,53.91,80,0,10.47,AU,1658596546
180,lerwick,60.1545,-1.1494,55.4,79,89,10.11,GB,1658596803
181,bathurst,-33.4166,149.5806,39.83,98,6,2.51,AU,1658596804
182,talcahuano,-36.7167,-73.1167,53.28,100,100,10.36,CL,1658596804
183,dongsheng,39.8161,109.9776,71.73,36,11,19.53,CN,1658596804
184,talnakh,69.4865,88.3972,67.68,58,89,4.97,RU,1658596805
185,ponta do sol,32.6667,-17.1,77.72,73,32,4.81,PT,1658596805
186,priyutnoye,46.1011,43.5072,71.78,51,74,12.64,RU,1658596805
187,pozo colorado,-23.4923,-58.7972,94.12,21,50,12.39,PY,1658596806
188,bilibino,68.0546,166.4372,45.12,72,41,3.29,RU,1658596806
189,gilgit,35.9221,74.3087,86.38,50,88,1.57,PK,1658596806
190,mehamn,71.0357,27.8492,51.75,93,100,10.36,NO,1658596807
191,labuhan,-6.8844,112.2051,76.14,85,73,6.89,ID,1658596807
192,channel-port aux basques,47.5702,-59.1367,65.17,86,81,11.25,CA,1658596710
193,soyo,-6.1349,12.3689,71.73,82,25,7.87,AO,1658596807
194,huaicheng,23.9051,112.1931,79.97,77,4,0.87,CN,1658596808
195,arlit,18.7369,7.3853,93.34,31,43,26.87,NE,1658596808
196,fuyang,32.9,115.8167,72.23,87,2,4.07,CN,1658596808
197,varhaug,58.6147,5.6457,57.47,68,73,9.98,NO,1658596809
198,jardim,-21.4803,-56.1381,92.01,22,99,7.67,BR,1658596809
199,ixtapa,20.7,-105.2,90.23,55,20,5.75,MX,1658596809
200,lompoc,34.6391,-120.4579,68.92,85,100,9.22,US,1658596810
201,hovd,48.0056,91.6419,63.75,45,26,1.86,MN,1658596810
202,naze,28.3667,129.4833,77.97,76,100,2.51,JP,1658596810
203,kudahuvadhoo,2.6708,72.8944,83.19,72,88,12.82,MV,1658596811
204,folkestone,51.0833,1.1833,76.89,68,86,18.01,GB,1658596644
205,udachnyy,66.4167,112.4,64.45,72,93,7.07,RU,1658596811
206,byron bay,-28.65,153.6167,54.95,85,57,11.7,AU,1658596784
207,belawan,3.7755,98.6832,77.07,89,82,4.94,ID,1658596811
208,pyaozerskiy,65.8333,31.1667,62.91,65,99,5.03,RU,1658596812
209,curico,-34.9833,-71.2333,53.71,87,100,3.44,CL,1658596812
210,guadalupe y calvo,26.1,-106.9667,72.16,48,92,4.36,MX,1658596812
211,mbala,-8.8402,31.3659,66.29,42,59,4.61,ZM,1658596813
212,clyde river,70.4692,-68.5914,49.35,67,28,4.27,CA,1658596813
213,pisco,-13.7,-76.2167,60.85,82,100,8.05,PE,1658596813
214,kangaatsiaq,68.3065,-53.4641,40.59,98,100,11.95,GL,1658596814
215,nantucket,41.2835,-70.0995,89.74,63,0,11.5,US,1658596814
216,alice springs,-23.7,133.8833,56.43,28,0,7.92,AU,1658596812
217,lagoa,39.05,-27.9833,73.06,85,21,7.7,PT,1658596815
218,kieta,-6.2167,155.6333,78.03,85,72,5.77,PG,1658596815
219,guerrero negro,27.9769,-114.0611,72.18,68,92,14.65,MX,1658596815
220,pascagoula,30.3658,-88.5561,94.41,52,0,5.75,US,1658596816
221,puerto escondido,15.85,-97.0667,85.03,70,40,10.36,MX,1658596816
222,beloha,-25.1667,45.05,67.5,69,42,5.03,MG,1658596816
223,keti bandar,24.1447,67.4497,83.44,84,100,15.17,PK,1658596816
224,alta floresta,-9.8756,-56.0861,98.42,20,40,6.91,BR,1658596817
225,iqaluit,63.7506,-68.5145,46.13,93,75,5.99,CA,1658596817
226,port-cartier,50.0334,-66.8654,70.02,62,29,13.0,CA,1658596817
227,zeerust,-25.5369,26.0751,58.44,53,66,2.57,ZA,1658596818
228,alvaraes,-3.2208,-64.8042,89.47,72,79,0.89,BR,1658596818
229,christchurch,-43.5333,172.6333,43.09,81,100,5.82,NZ,1658596710
230,aswan,24.0934,32.907,99.27,13,3,13.04,EG,1658596819
231,mendi,-6.1761,143.6513,53.58,98,45,2.73,PG,1658596819
232,roma,43.2128,-75.4557,87.12,42,1,7.61,US,1658596628
233,lundazi,-12.2929,33.1782,66.25,49,96,8.12,ZM,1658596819
234,fairbanks,64.8378,-147.7164,49.53,92,100,1.95,US,1658596803
235,comodoro rivadavia,-45.8667,-67.5,37.26,81,75,11.5,AR,1658596820
236,lahij,13.1667,44.5833,86.22,50,33,2.35,YE,1658596820
237,shakiso,5.75,38.9167,61.81,70,79,2.42,ET,1658596820
238,yamethin,20.4333,96.15,76.37,90,100,6.22,MM,1658596821
239,ukiah,39.1502,-123.2078,92.37,43,0,3.44,US,1658596818
240,vila franca do campo,37.7167,-25.4333,72.01,69,99,2.46,PT,1658596821
241,zhigansk,66.7697,123.3711,49.14,95,15,6.38,RU,1658596821
242,gat,31.61,34.7642,83.8,100,0,8.97,IL,1658596822
243,avera,33.194,-82.5271,89.11,46,85,6.8,US,1658596822
244,fortuna,40.5982,-124.1573,64.78,67,44,6.64,US,1658596822
245,bandarbeyla,9.4942,50.8122,76.73,82,45,30.0,SO,1658596823
246,bilbor,47.05,25.5167,72.0,71,50,4.14,RO,1658596823
247,savelugu,9.6244,-0.8253,74.62,89,100,7.23,GH,1658596823
248,larsnes,62.2028,5.5773,56.73,82,99,2.73,NO,1658596823
249,hambantota,6.1241,81.1185,79.54,79,64,18.81,LK,1658596824
250,fomboni,-12.28,43.7425,76.26,73,10,11.21,KM,1658596824
251,woodstock,43.1334,-80.7497,87.66,86,100,18.99,CA,1658596824
252,dhanbad,23.8,86.45,82.54,76,99,10.07,IN,1658596825
253,bang khla,13.7214,101.2081,84.33,87,100,4.0,TH,1658596825
254,nome,64.5011,-165.4064,46.47,93,100,11.5,US,1658596825
255,lucapa,-8.4192,20.7447,81.1,23,37,1.99,AO,1658596826
256,kolosovka,56.4678,73.611,53.71,87,85,6.91,RU,1658596826
257,sehithwa,-20.4667,22.7167,72.27,28,45,4.07,BW,1658596826
258,manono,-7.3,27.4167,83.39,29,12,4.38,CD,1658596827
259,anqing,30.5092,117.0506,77.86,83,80,4.63,CN,1658596827
260,ketchikan,55.3422,-131.6461,57.67,88,100,12.66,US,1658596827
261,prince rupert,54.3161,-130.3201,60.1,75,96,2.57,CA,1658596828
262,igrim,63.1906,64.4162,54.77,60,35,6.04,RU,1658596828
263,sitka,57.0531,-135.33,55.29,88,100,0.0,US,1658596828
264,iwanai,42.9744,140.5089,65.73,97,90,4.05,JP,1658596829
265,seydi,39.4816,62.9137,99.32,16,0,18.03,TM,1658596829
266,dakar,14.6937,-17.4441,78.93,94,75,4.61,SN,1658596605
267,ponta delgada,37.7333,-25.6667,72.32,83,75,8.05,PT,1658596829
268,pitanga,-24.7572,-51.7614,74.84,40,100,5.08,BR,1658596830
269,riyadh,24.6877,46.7219,104.14,10,86,10.94,SA,1658596830
270,cururupu,-1.8283,-44.8683,88.54,51,100,6.15,BR,1658596830
271,klaksvik,62.2266,-6.589,52.72,87,100,15.99,FO,1658596831
272,zhifang,30.35,114.3167,75.18,73,33,2.84,CN,1658596730
273,norrtalje,59.758,18.705,66.83,53,100,7.31,SE,1658596831
274,vuktyl,63.8567,57.3094,54.66,84,54,3.33,RU,1658596831
275,tecoanapa,16.5167,-98.75,83.62,71,100,2.77,MX,1658596832
276,huallanca,-9.8993,-76.9417,58.96,36,60,6.76,PE,1658596832
277,camacha,33.0833,-16.3333,71.02,73,40,13.8,PT,1658596832
278,asau,46.4333,26.4,83.32,65,79,2.46,RO,1658596833
279,soto la marina,23.7667,-98.2167,93.78,35,6,11.32,MX,1658596833
280,virginia beach,36.8529,-75.978,97.02,59,75,3.44,US,1658596831
281,charyshskoye,51.3978,83.5598,55.47,88,22,5.93,RU,1658596833
282,airai,-8.9266,125.4092,51.62,84,7,1.66,TL,1658596834
283,bubaque,11.2833,-15.8333,80.02,81,91,13.96,GW,1658596694
284,bilma,18.6853,12.9164,103.42,15,11,0.43,NE,1658596834
285,kaitangata,-46.2817,169.8464,34.03,89,14,3.49,NZ,1658596834
286,karratha,-20.7377,116.8463,64.63,34,0,14.25,AU,1658596835
287,mafinga,-7.25,35.0667,70.75,47,9,10.36,TZ,1658596835
288,jalingo,8.8833,11.3667,72.72,95,100,3.53,NG,1658596835
289,bonfim,3.0833,-59.95,83.84,69,90,4.94,BR,1658596836
290,pangnirtung,66.1451,-65.7125,44.6,87,20,10.36,CA,1658596836
291,bongor,10.2806,15.3722,81.7,66,82,4.61,TD,1658596837
292,haapiti,-17.5667,-149.8667,74.93,71,9,15.41,PF,1658596837
293,kremasti,36.4111,28.1189,89.53,35,0,17.27,GR,1658596837
294,olafsvik,64.8945,-23.7142,53.85,73,94,10.4,IS,1658596837
295,mahebourg,-20.4081,57.7,71.26,83,40,14.97,MU,1658596838
296,lima,-12.0432,-77.0282,62.85,72,75,8.05,PE,1658596728
297,los llanos de aridane,28.6585,-17.9182,73.31,78,14,4.7,ES,1658596838
298,luoyang,34.6836,112.4536,75.88,62,0,1.21,CN,1658596839
299,roros,62.5747,11.3842,66.04,39,98,5.75,NO,1658596839
300,sao joao da barra,-21.6403,-41.0511,82.49,69,0,14.7,BR,1658596840
301,xuddur,4.1213,43.8894,77.47,54,46,23.55,SO,1658596840
302,zima,53.9202,102.0442,53.94,95,38,3.4,RU,1658596840
303,sabang,5.8933,95.3214,81.86,77,68,10.51,ID,1658596840
304,okato,-39.2,173.8833,45.18,70,100,3.0,NZ,1658596841
305,ust-kuyga,70.0167,135.6,59.34,80,73,4.32,RU,1658596841
306,johor bahru,1.4655,103.7578,80.51,88,75,1.14,MY,1658596842
307,flin flon,54.7682,-101.865,58.84,82,75,9.22,CA,1658596842
308,dinar,38.065,30.1656,82.36,23,0,11.03,TR,1658596842
309,carinhanha,-14.3047,-43.765,87.84,25,0,7.05,BR,1658596843
310,hongjiang,27.11,109.9956,78.53,82,77,4.14,CN,1658596843
311,mitu,1.1983,-70.1733,73.78,98,100,2.8,CO,1658596843
312,constitucion,-35.3333,-72.4167,57.45,79,100,4.38,CL,1658596844
313,jumla,29.2747,82.1838,63.48,98,93,2.66,NP,1658596844
314,atar,20.5169,-13.0499,100.87,28,63,5.82,MR,1658596844
315,altay,47.8667,88.1167,61.66,38,72,2.93,CN,1658596845
316,jamsa,61.8642,25.19,63.14,94,93,7.78,FI,1658596845
317,nyurba,63.2842,118.3319,61.83,87,1,6.31,RU,1658596845
318,pronsk,54.1048,39.6092,69.22,73,74,6.22,RU,1658596846
319,caldwell,43.6629,-116.6874,83.62,29,0,6.91,US,1658596846
320,dingle,10.9995,122.6711,77.2,89,95,1.97,PH,1658596846
321,daru,-9.0763,143.2092,76.08,92,86,13.35,PG,1658596847
322,sola,-13.8833,167.55,79.84,79,17,9.62,VU,1658596847
323,puerto colombia,10.9878,-74.9547,87.89,74,41,7.16,CO,1658596847
324,kavieng,-2.5744,150.7967,82.44,74,0,10.98,PG,1658596848
325,berck,50.4,1.6,67.59,65,52,10.83,FR,1658596848
326,tyukalinsk,55.8732,72.1967,58.19,66,93,6.64,RU,1658596848
327,pierre,44.3683,-100.351,85.89,39,99,19.48,US,1658596849
328,kichmengskiy gorodok,59.9816,45.7854,70.81,75,27,4.81,RU,1658596849
329,praya,14.9215,-23.5087,81.14,78,75,11.5,CV,1658596735
330,sibut,5.718,19.0739,74.05,90,43,2.86,CF,1658596849
331,izyum,49.2088,37.2485,67.42,69,92,5.03,UA,1658596850
332,north bend,43.4065,-124.2243,63.91,87,100,8.05,US,1658596739
333,madimba,-10.4,40.3333,73.06,76,3,12.84,TZ,1658596850
334,magnitogorsk,53.4186,59.0472,67.41,61,9,3.98,RU,1658596712
335,huntsville,34.7304,-86.5861,90.9,63,40,5.01,US,1658596813
336,port augusta,-32.5,137.7667,50.97,64,0,5.19,AU,1658596851
337,oschersleben,52.0333,11.25,74.01,33,8,14.29,DE,1658596851
338,waipawa,-41.4122,175.5153,42.76,86,100,4.29,NZ,1658596851
339,hobyo,5.3505,48.5268,76.66,82,49,28.97,SO,1658596852
340,taoudenni,22.6783,-3.9836,112.77,5,0,10.6,ML,1658596852
341,porto velho,-8.7619,-63.9039,93.25,40,40,4.61,BR,1658596604
342,teberda,43.4456,41.7448,51.93,91,46,4.76,RU,1658596852
343,kungurtug,50.5994,97.5228,45.12,94,63,1.41,RU,1658596853
344,novoagansk,61.9449,76.6625,50.2,82,99,10.85,RU,1658596853
345,along,28.1667,94.7667,75.94,84,84,0.83,IN,1658596853
346,samana,19.2056,-69.3369,87.76,65,59,10.83,DO,1658596854
347,nurobod,40.9056,69.8023,89.71,13,0,1.48,UZ,1658596854
348,krasnoselkup,65.7,82.4667,58.82,89,62,5.03,RU,1658596854
349,constantine,36.365,6.6147,94.41,26,20,12.66,DZ,1658596855
350,caohai,26.8661,104.2841,59.58,93,99,5.61,CN,1658596855
351,gazli,40.1333,63.45,101.93,14,0,18.99,UZ,1658596855
352,tautira,-17.7333,-149.15,78.75,73,4,16.58,PF,1658596855
353,payo,-3.7508,103.6372,73.35,99,98,2.35,ID,1658596856
354,kupang,-10.1667,123.5833,69.85,69,48,8.55,ID,1658596856
355,warwick,41.7001,-71.4162,97.39,42,20,5.75,US,1658596568
356,awjilah,29.1081,21.2869,94.6,17,0,9.75,LY,1658596857
357,nha trang,12.25,109.1833,78.8,89,82,3.51,VN,1658596734
358,rovenki,48.0833,39.3776,64.72,62,70,6.73,UA,1658596857
359,finnsnes,69.2296,17.9811,54.75,83,100,4.18,NO,1658596857
360,buffalo,42.8865,-78.8784,87.71,55,75,12.66,US,1658596742
361,santiago,-33.4569,-70.6483,70.29,51,33,5.75,CL,1658596797
362,alofi,-19.0595,-169.9187,74.61,76,45,20.31,NU,1658596858
363,westport,41.1415,-73.3579,89.82,36,83,4.5,US,1658596858
364,altona,53.55,9.9333,65.95,55,40,10.09,DE,1658596858
365,aguilas,37.4063,-1.5829,87.75,50,0,5.75,ES,1658596859
366,hulst,51.28,4.0528,83.08,53,92,3.0,NL,1658596859
367,santa fe,-31.6333,-60.7,78.03,64,0,3.0,AR,1658596634
368,kamina,-8.7386,24.9906,75.15,29,37,5.3,CD,1658596859
369,honningsvag,70.9821,25.9704,51.55,87,100,18.41,NO,1658596860
370,madang,-5.2246,145.7966,76.78,92,33,2.51,PG,1658596860
371,fare,-16.7,-151.0167,78.91,73,0,13.85,PF,1658596860
372,orgovany,46.7509,19.4726,101.77,11,62,9.86,HU,1658596861
373,salinopolis,-0.6136,-47.3561,84.74,68,97,10.54,BR,1658596861
374,humberto de campos,-2.5983,-43.4611,91.6,43,72,4.36,BR,1658596861
375,tyrma,50.0833,132.1667,58.57,94,64,2.26,RU,1658596862
376,veraval,20.9,70.3667,80.87,85,97,16.58,IN,1658596862
377,zavodoukovsk,56.5042,66.5515,55.17,82,70,4.34,RU,1658596862
378,kuito,-12.3833,16.9333,67.24,29,37,4.07,AO,1658596863
379,ilhabela,-23.7781,-45.3581,76.68,53,44,4.5,BR,1658596863
380,black river,18.0264,-77.8487,85.89,68,61,9.08,JM,1658596863
381,revelganj,25.7833,84.6667,84.11,55,99,10.6,IN,1658596864
382,miraflores,19.2167,-98.8083,67.08,63,30,1.36,MX,1658596864
383,san jeronimo,-11.9472,-75.2829,61.61,34,24,2.39,PE,1658596864
384,flinders,-34.5833,150.8552,49.37,91,9,5.01,AU,1658596865
385,tikrit,34.6071,43.6782,97.57,10,0,9.89,IQ,1658596865
386,geraldton,-28.7667,114.6,59.41,63,75,19.57,AU,1658596761
387,san vicente,-26.6167,-54.1333,78.96,39,85,6.87,AR,1658596866
388,petrovsk,52.3064,45.3917,62.26,93,72,8.08,RU,1658596866
389,bengkulu,-3.8004,102.2655,76.66,91,96,5.1,ID,1658596866
390,liverpool,53.4106,-2.9779,70.7,75,75,14.97,GB,1658596867
391,blind river,46.1834,-82.9582,77.92,52,27,8.55,CA,1658596867
392,deer lake,49.1667,-57.4316,80.46,50,75,13.8,CA,1658596867
393,henties bay,-22.116,14.2845,57.0,84,1,9.33,NA,1658596868
394,kokkola,63.8385,23.1307,65.93,65,0,8.05,FI,1658596868
395,srandakan,-7.9386,110.2506,75.88,86,94,8.63,ID,1658596868
396,pecos,31.4229,-103.4932,93.29,33,0,5.75,US,1658596869
397,wawa,9.9022,4.4192,74.52,91,100,7.14,NG,1658596869
398,sabha,27.0377,14.4283,93.52,15,0,8.72,LY,1658596870
399,la palma,33.8464,-118.0467,78.22,77,100,6.91,US,1658596870
400,port moresby,-9.4431,147.1797,76.42,94,75,17.27,PG,1658596870
401,seminole,28.7086,-81.2081,95.34,70,11,7.11,US,1658596871
402,verkhnevilyuysk,63.4453,120.3167,60.73,86,3,3.87,RU,1658596871
403,jacareacanga,-6.2222,-57.7528,98.1,21,7,3.89,BR,1658596871
404,pontianak,-0.0333,109.3333,76.98,94,75,3.44,ID,1658596872
405,moree,-29.4667,149.85,50.04,74,13,7.52,AU,1658596872
406,swan hill,-35.3378,143.5544,53.2,89,71,5.73,AU,1658596872
407,broome,42.2506,-75.833,91.69,43,0,10.36,US,1658596873
408,bambanglipuro,-7.95,110.2833,75.69,87,89,8.9,ID,1658596873
409,kamaishi,39.2667,141.8833,69.69,94,100,1.3,JP,1658596873
410,sao gabriel da cachoeira,-0.1303,-67.0892,85.8,74,40,5.75,BR,1658596874
411,namatanai,-3.6667,152.4333,78.6,79,3,6.31,PG,1658596874
412,ucluelet,48.9329,-125.5528,60.85,76,21,3.15,CA,1658596874
413,hay river,60.8156,-115.7999,67.98,52,13,11.5,CA,1658596809
414,busayra,30.7376,35.6078,77.7,36,2,9.84,JO,1658596875
415,eldorado,-23.7869,-54.2836,83.7,32,18,10.09,BR,1658596875
416,vardo,70.3705,31.1107,53.58,82,75,13.8,NO,1658596876
417,prieska,-29.6641,22.7474,57.92,40,52,16.82,ZA,1658596876
418,huarmey,-10.0681,-78.1522,65.68,77,93,8.08,PE,1658596876
419,caravelas,-17.7125,-39.2481,77.76,60,0,7.4,BR,1658596877
420,kemin,42.7846,75.6892,74.21,34,2,2.89,KG,1658596877
421,coihaique,-45.5752,-72.0662,32.61,69,100,3.44,CL,1658596688
422,nsoko,-27.0333,31.95,67.26,60,42,5.91,SZ,1658596877
423,rawson,-43.3002,-65.1023,38.48,99,100,15.7,AR,1658596878
424,smithers,54.7804,-127.1743,61.12,67,40,5.75,CA,1658596878
425,tarakan,3.3,117.6333,81.25,77,70,4.9,ID,1658596878
426,buala,-8.145,159.5921,78.48,84,6,3.65,SB,1658596879
427,bastia,42.6667,9.3333,91.2,69,0,4.61,FR,1658596879
428,carahue,-38.7,-73.1667,54.23,88,100,4.43,CL,1658596793
429,nouakchott,18.0858,-15.9785,79.59,80,45,12.91,MR,1658596880
430,vao,-22.6667,167.4833,74.73,85,17,21.16,NC,1658596880
431,neverkino,52.7854,46.7417,63.43,89,79,6.87,RU,1658596880
432,hastings,50.8552,0.5729,76.73,51,88,15.7,GB,1658596855
433,grand gaube,-20.0064,57.6608,71.38,70,18,5.99,MU,1658596881
434,port hedland,-20.3167,118.5667,66.25,63,0,10.36,AU,1658596881
435,vila velha,-20.3297,-40.2925,82.35,67,40,14.97,BR,1658596881
436,ovsyanka,55.9575,92.5519,52.77,93,2,3.76,RU,1658596882
437,el alto,-4.2714,-81.2147,74.86,68,38,12.39,PE,1658596882
438,antsohihy,-14.8796,47.9875,71.33,58,36,4.23,MG,1658596882
439,pandegelang,-6.31,106.1058,72.72,94,46,1.01,ID,1658596883
440,college,64.8569,-147.8028,53.92,88,40,5.75,US,1658596883
441,san onofre,9.7359,-75.5263,83.32,78,100,8.34,CO,1658596883
442,cayenne,4.9333,-52.3333,84.31,69,67,9.1,GF,1658596884
443,nieuw amsterdam,5.8833,-55.0833,89.62,69,20,6.91,SR,1658596884
444,kavaratti,10.5669,72.642,81.18,80,100,17.6,IN,1658596759
445,cape coast,5.1053,-1.2466,76.87,75,81,10.54,GH,1658596596
446,gornopravdinsk,60.05,69.9,49.75,81,92,3.65,RU,1658596885
447,preobrazheniye,42.9019,133.9064,62.29,95,100,5.37,RU,1658596885
448,srednekolymsk,67.45,153.6833,46.36,63,0,8.72,RU,1658596885
449,guacui,-20.7756,-41.6794,80.56,37,3,4.79,BR,1658596886
450,jiehu,35.5428,118.455,70.5,91,0,2.39,CN,1658596886
451,eureka,40.8021,-124.1637,61.2,84,26,1.01,US,1658596887
452,baisha,26.5222,110.9311,77.77,86,12,4.54,CN,1658596887
453,barra patuca,15.8,-84.2833,81.95,85,100,10.63,HN,1658596888
454,alot,23.7667,75.55,76.03,94,100,11.97,IN,1658596888
455,richards bay,-28.783,32.0377,67.6,79,0,6.67,ZA,1658596888
456,waitara,-38.925,174.25,46.49,76,100,8.57,NZ,1658596889
457,oyem,1.5995,11.5793,70.9,91,100,2.66,GA,1658596889
458,yenagoa,4.9247,6.2642,77.99,73,100,6.69,NG,1658596889
459,la paz,-16.5,-68.15,64.38,11,0,8.05,BO,1658596822
460,komsomolskiy,40.4272,71.7189,92.12,31,0,6.91,UZ,1658596890
461,bang saphan,11.2126,99.5117,76.44,93,100,4.76,TH,1658596890
462,helong,42.5397,128.9972,63.73,99,100,2.53,CN,1658596890
463,ondangwa,-17.9167,15.95,72.7,23,0,7.7,NA,1658596891
464,margate,51.3813,1.3862,76.87,46,87,1.01,GB,1658596736
465,ugoofaaru,5.6667,73.0,82.0,79,47,14.74,MV,1658596891
466,bahir dar,11.5936,37.3908,63.99,92,90,5.39,ET,1658596892
467,namibe,-15.1961,12.1522,64.65,86,5,5.97,AO,1658596892
468,meaford,44.6001,-80.583,88.12,57,48,14.47,CA,1658596892
469,boa vista,2.8197,-60.6733,83.08,72,91,8.08,BR,1658596749
470,marsa matruh,31.3525,27.2453,80.8,74,0,17.27,EG,1658596893
471,basco,20.4487,121.9702,84.51,76,53,6.93,PH,1658596893
472,jinchang,38.4953,102.1739,78.82,22,10,4.88,CN,1658596893
473,rayagada,19.1667,83.4167,77.97,92,100,3.51,IN,1658596894
474,yarega,63.4354,53.5765,63.64,57,60,4.94,RU,1658596894
475,half moon bay,37.4636,-122.4286,72.88,77,100,14.97,US,1658596895
476,mazagao,-0.115,-51.2894,93.25,46,52,4.27,BR,1658596895
477,thohoyandou,-22.9456,30.485,65.12,50,26,3.44,ZA,1658596895
478,marawi,7.9986,124.2928,69.24,94,100,2.95,PH,1658596896
479,yazd,31.8972,54.3675,100.51,10,0,6.91,IR,1658596896
480,vassouras,-22.4039,-43.6625,83.98,30,5,3.58,BR,1658596896
481,korla,41.7597,86.1469,91.13,15,0,6.02,CN,1658596897
482,ancud,-41.8697,-73.8203,47.23,90,100,3.49,CL,1658596897
483,svetlogorsk,52.6333,29.7333,73.09,63,0,5.14,BY,1658596897
484,port blair,11.6667,92.75,81.03,82,100,13.24,IN,1658596898
485,hami,42.8,93.45,87.33,21,24,15.05,CN,1658596898
486,trat,12.5,102.5,83.82,88,100,0.54,TH,1658596898
487,rosetta,31.4044,30.4164,78.82,73,0,11.34,EG,1658596899
488,hofn,64.2539,-15.2082,52.54,85,30,4.74,IS,1658596899
489,touros,-5.1989,-35.4608,82.85,67,82,18.81,BR,1658596899
490,muzaffarpur,26.1167,85.4,88.41,63,100,6.6,IN,1658596900
491,timizart,36.8,4.2667,91.24,34,0,9.15,DZ,1658596900
492,san andres,12.5847,-81.7006,86.02,70,40,16.11,CO,1658596900
493,vernon,50.2581,-119.2691,77.23,43,81,2.3,CA,1658596809
494,hasaki,35.7333,140.8333,73.29,85,75,12.71,JP,1658596901
495,farmington,36.7281,-108.2187,92.77,24,0,10.36,US,1658596812
496,bereznik,62.8551,42.7072,70.5,80,94,6.11,RU,1658596901
497,bermejillo,25.8833,-103.6167,87.84,29,4,9.1,MX,1658596901
498,barcelona,41.3888,2.159,92.71,74,40,9.22,ES,1658596846
499,meiningen,50.5679,10.4152,78.75,47,77,7.45,DE,1658596902
500,pocri,8.2667,-80.55,82.22,92,100,4.54,PA,1658596902
501,bathsheba,13.2167,-59.5167,88.41,78,40,16.11,BB,1658596902
502,candolim,15.5181,73.7626,79.54,83,100,12.95,IN,1658596903
503,tanabe,33.7333,135.3667,73.38,80,100,2.66,JP,1658596903
504,septemvri,42.2167,24.1,91.63,23,35,3.22,BG,1658596903
505,santa cruz cabralia,-16.2781,-39.0247,76.26,72,45,7.81,BR,1658596904
506,upington,-28.4478,21.2561,57.58,51,0,4.61,ZA,1658596904
507,beringovskiy,63.05,179.3167,44.38,84,100,14.81,RU,1658596904
508,pembroke,45.8168,-77.1162,87.19,47,46,12.5,CA,1658596846
509,kiyasovo,56.3491,53.1244,69.89,66,69,5.21,RU,1658596905
510,pavlovsk,50.4578,40.1081,65.88,80,98,9.08,RU,1658596905
511,alagoinhas,-12.1356,-38.4192,79.92,60,100,5.97,BR,1658596905
512,scottsbluff,41.8666,-103.6672,86.07,21,48,19.39,US,1658596705
513,timbo,-26.8233,-49.2717,83.34,43,51,2.66,BR,1658596747
514,ampanihy,-24.7,44.75,66.0,69,27,6.49,MG,1658596906
515,sorel,46.0418,-73.1136,86.58,65,8,1.99,CA,1658596906
516,tabuk,17.4189,121.4443,76.32,88,71,1.88,PH,1658596907
517,dabola,10.75,-11.1167,82.22,73,93,1.3,GN,1658596907
518,bure,10.7,37.0667,59.02,98,99,2.98,ET,1658596907
519,meru,0.0463,37.6559,60.84,71,56,7.94,KE,1658596908
520,masvingo,-20.0637,30.8277,65.25,41,84,5.59,ZW,1658596908
521,saint-leu,-21.15,55.2833,68.86,75,53,5.55,RE,1658596908
522,maragogi,-9.0122,-35.2225,79.16,72,84,11.3,BR,1658596720
523,kaeo,-35.1,173.7833,56.32,88,100,17.05,NZ,1658596909
524,rio grande,-32.035,-52.0986,71.71,92,98,6.82,BR,1658596909
525,tha bo,17.85,102.5814,73.85,83,100,2.86,TH,1658596909
526,gouloure,12.2306,-1.9289,85.73,52,87,5.7,BF,1658596909
527,port lavaca,28.615,-96.6261,93.25,59,40,9.22,US,1658596910
528,dali,25.7,100.1833,61.9,90,99,0.74,CN,1658596910
529,kimbe,-5.5502,150.1429,75.15,92,9,4.79,PG,1658596910
530,basoko,1.2391,23.616,77.23,73,55,2.51,CD,1658596911
531,inuvik,68.3499,-133.7218,54.36,100,100,9.22,CA,1658596911
532,vorobyevka,50.6451,40.9245,66.51,78,96,8.16,RU,1658596911
533,victor harbor,-35.5667,138.6167,50.18,77,0,5.84,AU,1658596912
534,portlethen,57.0547,-2.1307,61.93,86,75,14.97,GB,1658596912
535,biysk,52.5364,85.2072,60.13,73,60,4.56,RU,1658596912
536,moranbah,-22.0016,148.0466,55.0,84,0,8.46,AU,1658596913
537,kenai,60.5544,-151.2583,56.03,75,100,3.44,US,1658596713
538,moron,-34.6534,-58.6198,65.84,79,67,4.32,AR,1658596913
539,nanortalik,60.1432,-45.2371,45.54,87,60,9.37,GL,1658596913
540,padre bernardo,-15.35,-48.5,89.98,19,0,2.39,BR,1658596914
541,ulundi,-28.3352,31.4162,66.11,35,44,2.04,ZA,1658596914
542,zaltan,32.947,11.8665,83.8,50,0,16.6,LY,1658596915
543,saryg-sep,51.5,95.6,50.61,84,8,3.67,RU,1658596915
544,pavlodar,52.3,76.95,69.6,49,75,0.0,KZ,1658596915
545,barinitas,8.7622,-70.4111,86.31,48,64,7.43,VE,1658596916
546,sierra vista,31.5545,-110.3037,79.63,49,100,5.48,US,1658596222
547,pastavy,55.1168,26.8326,71.64,82,46,7.25,BY,1658596916
548,bethel,41.3712,-73.414,94.15,48,0,8.05,US,1658596916
549,aksarka,66.5606,67.7975,50.92,80,54,3.67,RU,1658596917
550,cockburn town,21.4612,-71.1419,82.08,74,48,17.45,TC,1658596917
551,mokhsogollokh,61.4681,128.9203,58.98,93,60,2.82,RU,1658596917
552,havelock,34.8791,-76.9013,91.06,78,20,10.36,US,1658596918
553,evensk,61.95,159.2333,48.2,72,42,9.84,RU,1658596918
554,waingapu,-9.6567,120.2641,70.39,79,45,8.25,ID,1658596918
555,rome,34.257,-85.1647,91.58,63,0,3.44,US,1658596919
556,ayan,56.45,138.1667,59.58,86,75,7.72,RU,1658596919
557,santa rosa,14.3122,121.1114,78.94,87,95,3.11,PH,1658596919
558,trofors,65.5333,13.4063,57.07,65,99,5.17,NO,1658596920
559,bocanda,7.0626,-4.4995,77.04,81,99,0.69,CI,1658596920
560,charters towers,-20.1,146.2667,55.42,81,0,5.21,AU,1658596920
561,bako,5.7833,36.5667,69.48,54,88,3.67,ET,1658596921
562,ust-ordynskiy,52.805,104.7508,55.54,95,98,4.36,RU,1658596921
563,mandalgovi,45.7625,106.2708,65.14,53,81,2.73,MN,1658596921
564,morgan city,29.6994,-91.2068,90.81,53,72,3.83,US,1658596922
565,inhambane,-23.865,35.3833,67.8,73,1,8.34,MZ,1658596922
566,kristiansund,63.1115,7.732,68.05,67,0,14.97,NO,1658596922
567,saint-honore,48.5334,-71.0824,83.28,55,47,11.77,CA,1658596923
568,rocha,-34.4833,-54.3333,64.47,84,92,9.86,UY,1658596923
569,cabot,34.9745,-92.0165,97.81,45,20,9.22,US,1658596923
570,lasa,46.6166,10.7002,70.68,89,100,3.47,IT,1658596924
571,ranong,9.9658,98.6348,78.22,85,99,4.16,TH,1658596924
572,nishihara,26.1842,127.7558,83.86,89,40,8.05,JP,1658596924
573,stephenville,32.2207,-98.2023,96.76,31,0,10.36,US,1658596925
